year,cpi_index,cpi_base_year,median_home_price_nominal,real_median_home_price,real_median_household_income,home_price_to_real_income_ratio,median_home_price_to_median_household_income_ratio,mortgage_rate_annual_avg,case_shiller_index,real_home_price_index,case_shiller_index_first_available,case_shiller_relative_to_cpi,shelter_cpi,transportation_services_cpi
1947,22.331666666666667,2024,,,,,,,,,,,,
1948,24.045,2024,,,,,,,,,,,,
1949,23.809166666666666,2024,,,,,,,,,,,,
1950,24.0625,2024,,,,,,,,,,,,
1951,25.973333333333333,2024,,,,,,,,,,,,
1952,26.566666666666666,2024,,,,,,,,,,,,
1953,26.768333333333334,2024,,,,,,,,,,,21.983333333333334,
1954,26.865,2024,,,,,,,,,,,22.491666666666664,
1955,26.795833333333334,2024,,,,,,,,,,,22.766666666666666,
1956,27.190833333333334,2024,,,,,,,,,,,23.125,22.991666666666664
1957,28.113333333333333,2024,,,,,,,,,,,23.958333333333332,24.125
1958,28.88083333333333,2024,,,,,,,,,,,24.46666666666667,25.633333333333336
1959,29.150000000000002,2024,,,,,,,,,,,24.733333333333334,26.525000000000002
1960,29.584999999999997,2024,,,,,,,,,,,25.233333333333334,27.208333333333332
1961,29.901666666666667,2024,,,,,,,,,,,25.458333333333332,27.816666666666666
1962,30.253333333333334,2024,,,,,,,,,,,25.724999999999998,28.25
1963,30.633333333333336,2024,18050.0,184839.56175190426,,,,,,100.0,,,26.066666666666666,28.599999999999998
1964,31.03833333333333,2024,18925.0,191271.1530097192,,,,,,103.47955340126134,,,26.491666666666664,29.224999999999998
1965,31.528333333333332,2024,20125.0,200238.16474599566,,,,,,108.33079393185305,,,26.983333333333334,30.34166666666667
1966,32.47083333333333,2024,21500.0,207709.80880277173,,,,,,112.37302600920707,,,27.808333333333334,31.583333333333332
1967,33.375,2024,22750.0,213831.709113608,,,,,,115.68503359720017,,,28.75,32.625
1968,34.791666666666664,2024,24800.0,223608.56143712578,,,,,,120.97440575911888,,,30.116666666666664,33.94166666666667
1969,36.68333333333333,2024,25600.0,218918.8477964562,,,,,,118.43722508404014,,,32.574999999999996,36.31666666666667
1970,38.84166666666667,2024,23475.0,189591.8763140957,,,,,,102.57104838225601,,,35.525,40.18333333333333
1971,40.483333333333334,2024,25225.0,195464.0490942775,,,,7.54175,,105.74795094820321,,,37.016666666666666,43.475
1972,41.80833333333333,2024,27525.0,206526.81771975287,,,,7.383269230769231,,111.73301633172974,,,38.666666666666664,44.40833333333333
1973,44.425000000000004,2024,32600.0,230198.31701369345,,,,8.044807692307693,,124.53952759456912,,,40.43333333333333,44.699999999999996
1974,49.31666666666666,2024,36050.0,229310.28540047316,,,,9.187115384615385,,124.05909385797966,,,44.39166666666667,46.31666666666666
1975,53.824999999999996,2024,39275.0,228899.1267224029,,,,9.047115384615385,,123.83665301567657,,,48.76666666666667,49.849999999999994
1976,56.93333333333334,2024,44225.0,243676.2544642857,,,,8.865849056603773,,131.83122279382667,,,51.449999999999996,56.875
1977,60.61666666666667,2024,48900.0,253063.0797360462,,,,8.845192307692308,,136.90958652872865,,,54.916666666666664,61.46666666666667
1978,65.24166666666666,2024,55850.0,268540.69651296467,,,,9.641730769230769,,145.2831276852982,,,60.458333333333336,64.43333333333334
1979,72.58333333333333,2024,62750.0,271199.4483352469,,,,11.203653846153847,,146.7215382707176,,,68.86666666666666,69.43333333333334
1980,82.38333333333334,2024,64750.0,246554.19330366174,,,,13.742115384615385,,133.38821568652725,,,80.95833333333333,79.2
1981,90.93333333333334,2024,68950.0,237860.94492302052,,,,16.641509433962263,,128.685083792983,,,90.425,88.64166666666667
1982,96.53333333333335,2024,69225.0,224956.0316384668,,,,16.043653846153845,,121.70340023874746,,,96.83333333333333,96.10000000000001
1983,99.58333333333333,2024,75375.0,237439.3236401674,,,,13.235384615384616,,128.45698257977028,,,99.13333333333333,99.11666666666667
1984,103.93333333333334,2024,79950.0,241310.15161962798,60420.0,3.993878709361602,3.993878709361602,13.877692307692307,,130.5511381505653,,,103.925,104.8
1985,107.60000000000001,2024,84275.0,245696.21743339527,61570.0,3.9905183926164574,3.9905183926164574,12.430192307692307,,132.92404239909104,,,109.76666666666667,110.0
1986,109.69166666666666,2024,92025.0,263174.72115019377,63850.0,4.121765405641249,4.121765405641249,10.187307692307693,,142.38008284364616,,,115.77499999999999,116.27499999999999
1987,113.61666666666667,2024,104700.0,289079.0498753117,64650.0,4.471447020499795,4.471447020499795,10.213396226415094,66.25691666666667,156.3945765373108,100.0,58.3161948070999,121.26666666666667,121.85833333333333
1988,118.27499999999999,2024,112225.0,297651.88547171146,65130.0,4.570119537413042,4.570119537413042,10.341730769230768,71.14166666666667,161.03256394387387,107.37243784611165,60.14936940745438,127.08333333333333,128.025
1989,123.94166666666666,2024,120425.0,304797.4320244739,66240.0,4.60141050761585,4.60141050761585,10.319423076923076,75.50666666666667,164.89837410109192,113.96042928851453,60.92113225307605,132.83333333333334,135.63333333333333
1990,130.65833333333333,2024,122300.0,293630.6074366988,65440.0,4.4870202847906295,4.4870202847906295,10.129423076923077,76.93908333333333,158.857013430283,116.12234194417437,58.88570699661968,139.975,144.17499999999998
1991,136.16666666666666,2024,119975.0,276396.11416768667,63530.0,4.350639291164594,4.350639291164594,9.246538461538462,75.92266666666667,149.53298501035815,114.58828826675958,55.75716034271727,146.275,151.16666666666666
1992,140.30833333333334,2024,121375.0,271367.4524855972,63010.0,4.306736271791735,4.306736271791735,8.390188679245282,76.33024999999999,146.812430149468,115.20344416872199,54.40179366870582,151.20000000000002,155.65
1993,144.475,2024,126500.0,274669.0990367423,62700.0,4.380687384956017,4.380687384956017,7.314615384615385,77.41566666666667,148.59865303370998,116.84163791704765,53.584126434792644,155.74166666666667,162.875
1994,148.225,2024,130425.0,276026.87392477656,63370.0,4.355797284594865,4.355797284594865,8.38076923076923,79.46891666666666,149.33322244902632,119.94055966484001,53.61370663968066,160.525,168.59166666666667
1995,152.38333333333333,2024,133475.0,274773.24376572244,65380.0,4.202710978368345,4.202710978368345,7.934615384615385,80.99116666666667,148.6549963446295,122.23805564953597,53.149622662145916,165.70000000000002,175.875
1996,156.85833333333332,2024,140250.0,280483.4588004038,66340.0,4.22796892976189,4.22796892976189,7.806153846153847,82.80866666666667,151.7442781956359,124.98116548838296,52.79200977527494,171.025,180.4416666666667
1997,160.525,2024,145000.0,283359.19119555625,67720.0,4.184276302356118,4.184276302356118,7.598846153846154,85.31708333333334,153.3000773805595,128.76705953969588,53.14878264029487,176.29166666666666,185.025
1998,163.00833333333333,2024,151925.0,292369.0647973008,70200.0,4.164801492839042,4.164801492839042,6.942641509433962,90.09941666666667,158.1745065970915,135.98492232886377,55.27288993405246,182.10833333333335,187.86666666666667
1999,166.58333333333334,2024,160125.0,301536.2817658829,71980.0,4.189167571073672,4.189167571073672,7.4399999999999995,96.37266666666666,163.13406010484465,145.45299044250723,57.85252626313155,187.25,190.67499999999998
2000,172.1916666666667,2024,167550.0,305241.9948216619,71790.0,4.251873447857109,4.251873447857109,8.053461538461539,104.77758333333333,165.13888689660737,158.13833272752652,60.849392634177015,193.34166666666667,196.09166666666667
2001,177.04166666666666,2024,173100.0,306713.971193222,70610.0,4.3437752611984415,4.3437752611984415,6.967884615384615,113.18633333333332,165.93524042482866,170.8294605720409,63.93203106613321,200.54166666666666,201.85833333333335
2002,179.86666666666667,2024,186025.0,324438.6663500741,70040.0,4.6321911243585685,4.6321911243585685,6.537307692307692,122.28858333333334,175.5244728320352,184.56727159302866,67.98846367679762,208.08333333333334,209.125
2003,184.0,2024,192125.0,327550.32755887683,70080.0,4.673948737997672,4.673948737997672,5.826981132075471,133.74183333333335,177.20791179894817,201.8533914069349,72.68577898550726,213.125,216.3166666666667
2004,188.90833333333333,2024,218150.0,362256.4121487494,69970.0,5.1773104494604745,5.1773104494604745,5.839230769230769,150.46441666666666,195.98424099002028,227.0923916119449,79.64943314658785,218.84166666666667,220.54166666666666
2005,195.26666666666665,2024,236550.0,380020.3208859679,71060.0,5.347879550886123,5.347879550886123,5.866730769230769,171.78150000000002,205.59468832545687,259.2657621908656,87.97277227722773,224.40833333333333,225.63333333333333
2006,201.5583333333333,2024,243750.0,379363.7646256254,71850.0,5.279941052548718,5.279941052548718,6.413269230769231,183.48141666666666,205.23948500528033,276.92417018097484,91.03142183817754,232.13333333333333,230.75833333333333
2007,207.34416666666667,2024,244950.0,370593.33358787524,73010.0,5.075925675768733,5.075925675768733,6.337307692307693,179.94191666666666,200.4945965438361,271.5820863985269,86.78417124507159,240.60141666666667,233.7335833333333
2008,215.25424999999998,2024,229550.0,334531.9042868299,70520.0,4.743787638780911,4.743787638780911,6.027169811320754,164.0585,180.98501268675696,247.60962063080206,76.21614904235341,246.654,244.04908333333333
2009,214.56466666666665,2024,215650.0,315284.9473895982,70070.0,4.499571105888371,4.499571105888371,5.036538461538461,148.55225,170.57222187790111,224.20640360817674,69.23425571777895,249.35666666666668,251.04791666666665
2010,218.0761666666667,2024,222700.0,320349.4576436214,68420.0,4.6821025671385765,4.6821025671385765,4.689807692307692,144.66108333333332,173.31217116474315,218.33355762857462,66.33511838753584,248.3936666666667,259.83441666666664
2011,224.923,2024,224900.0,313666.08876519225,67410.0,4.653109164295984,4.653109164295984,4.447884615384615,139.23375000000001,169.6964036228358,210.1422115678489,61.90285119796554,251.64475000000002,268.01275000000004
2012,229.58608333333333,2024,244400.0,333939.3695828689,67400.0,4.954590053158292,4.954590053158292,3.6574999999999998,140.97799999999998,180.66444565102879,212.77476691112747,61.405289882190154,257.0805,272.89116666666666
2013,232.95174999999998,2024,266225.0,358504.68786275847,69950.0,5.125156366872887,5.125156366872887,3.9755769230769227,154.51183333333333,193.9545216753713,233.20106202748642,66.32782682823088,263.0503333333333,280.0423333333334
2014,236.715,2024,285775.0,378713.1934147252,69060.0,5.483828459523967,5.483828459523967,4.168867924528302,164.66633333333334,204.8875196550414,248.52700912986444,69.56311739151863,270.50933333333336,285.2618333333333
2015,237.00175000000002,2024,294150.0,389340.2294497825,72790.0,5.34881480216764,5.34881480216764,3.8505769230769227,172.14733333333334,210.6368494707662,259.81790580354505,72.63546928802565,278.8020833333333,291.03066666666666
2016,240.00541666666666,2024,305125.0,398812.47029146913,75380.0,5.2906934238719705,5.2906934238719705,3.6540384615384616,180.89083333333335,215.7614238594463,273.0142639196159,75.36947950827499,288.233,299.4170833333333
2017,245.121,2024,322425.0,412629.40093872003,76710.0,5.379082270091514,5.379082270091514,3.9898076923076924,191.3563333333333,223.2365176739384,288.8095959792877,78.0660707704902,297.8086666666667,309.89866666666666
2018,251.0995,2024,325275.0,406365.4892283736,77700.0,5.229929076298244,5.229929076298244,4.544615384615384,202.42791666666668,219.84768053811248,305.5196753043393,80.61661479479915,307.65633333333335,321.77683333333334
2019,255.65258333333335,2024,320250.0,392962.34196081856,83260.0,4.719701440797725,4.719701440797725,3.935769230769231,209.40133333333333,212.5964475550214,316.0444884370562,81.90855363284352,318.04791666666665,324.98475
2020,258.85575,2024,328150.0,397673.42773597525,81580.0,4.874643634910214,4.874643634910214,3.111698113207547,222.06316666666666,215.14519076264708,335.1546945413246,85.78645313718806,325.901,312.9195
2021,270.97341666666665,2024,383000.0,443388.13493697566,81270.0,5.455741785861642,5.455741785861642,2.957692307692308,259.96591666666666,239.87729181705214,392.36042023285614,95.93779340593373,334.584,324.0978333333333
2022,292.62641666666667,2024,432950.0,464126.3177994013,79500.0,5.8380668905585065,5.8380668905585065,5.344038461538461,298.32533333333333,251.09685037143828,450.2553821424933,101.94750587851347,354.23766666666666,357.7495833333333
2023,304.70300000000003,2024,426525.0,439116.48568442056,82690.0,5.310394070436819,5.310394070436819,6.806730769230769,305.7504166666667,237.56628804055077,461.4618851113658,100.3437500341863,380.6375,396.2884166666667
2024,313.6981666666667,2024,418975.0,418975.0,83730.0,5.003881523946017,5.003881523946017,6.721153846153846,321.367,226.66954846082007,485.0316256290224,102.44465353904417,400.56675,432.2101666666667
2025,321.9619090909091,2024,415400.0,404737.9977379218,,,,6.595094339622642,328.51608333333337,218.96719181858379,495.8215683142515,102.03569865172268,415.1380909090909,446.28254545454547
2026,328.1136666666667,2024,403200.0,385485.6217509989,,,,6.174705882352941,326.835,208.5514692295182,493.28434892960854,99.61029765091568,422.992,457.68399999999997
