series_id,date,value,realtime_start,realtime_end
CSUSHPINSA,1975-01-01,,2026-04-28,2026-04-28
CSUSHPINSA,1975-02-01,,2026-04-28,2026-04-28
CSUSHPINSA,1975-03-01,,2026-04-28,2026-04-28
CSUSHPINSA,1975-04-01,,2026-04-28,2026-04-28
CSUSHPINSA,1975-05-01,,2026-04-28,2026-04-28
CSUSHPINSA,1975-06-01,,2026-04-28,2026-04-28
CSUSHPINSA,1975-07-01,,2026-04-28,2026-04-28
CSUSHPINSA,1975-08-01,,2026-04-28,2026-04-28
CSUSHPINSA,1975-09-01,,2026-04-28,2026-04-28
CSUSHPINSA,1975-10-01,,2026-04-28,2026-04-28
CSUSHPINSA,1975-11-01,,2026-04-28,2026-04-28
CSUSHPINSA,1975-12-01,,2026-04-28,2026-04-28
CSUSHPINSA,1976-01-01,,2026-04-28,2026-04-28
CSUSHPINSA,1976-02-01,,2026-04-28,2026-04-28
CSUSHPINSA,1976-03-01,,2026-04-28,2026-04-28
CSUSHPINSA,1976-04-01,,2026-04-28,2026-04-28
CSUSHPINSA,1976-05-01,,2026-04-28,2026-04-28
CSUSHPINSA,1976-06-01,,2026-04-28,2026-04-28
CSUSHPINSA,1976-07-01,,2026-04-28,2026-04-28
CSUSHPINSA,1976-08-01,,2026-04-28,2026-04-28
CSUSHPINSA,1976-09-01,,2026-04-28,2026-04-28
CSUSHPINSA,1976-10-01,,2026-04-28,2026-04-28
CSUSHPINSA,1976-11-01,,2026-04-28,2026-04-28
CSUSHPINSA,1976-12-01,,2026-04-28,2026-04-28
CSUSHPINSA,1977-01-01,,2026-04-28,2026-04-28
CSUSHPINSA,1977-02-01,,2026-04-28,2026-04-28
CSUSHPINSA,1977-03-01,,2026-04-28,2026-04-28
CSUSHPINSA,1977-04-01,,2026-04-28,2026-04-28
CSUSHPINSA,1977-05-01,,2026-04-28,2026-04-28
CSUSHPINSA,1977-06-01,,2026-04-28,2026-04-28
CSUSHPINSA,1977-07-01,,2026-04-28,2026-04-28
CSUSHPINSA,1977-08-01,,2026-04-28,2026-04-28
CSUSHPINSA,1977-09-01,,2026-04-28,2026-04-28
CSUSHPINSA,1977-10-01,,2026-04-28,2026-04-28
CSUSHPINSA,1977-11-01,,2026-04-28,2026-04-28
CSUSHPINSA,1977-12-01,,2026-04-28,2026-04-28
CSUSHPINSA,1978-01-01,,2026-04-28,2026-04-28
CSUSHPINSA,1978-02-01,,2026-04-28,2026-04-28
CSUSHPINSA,1978-03-01,,2026-04-28,2026-04-28
CSUSHPINSA,1978-04-01,,2026-04-28,2026-04-28
CSUSHPINSA,1978-05-01,,2026-04-28,2026-04-28
CSUSHPINSA,1978-06-01,,2026-04-28,2026-04-28
CSUSHPINSA,1978-07-01,,2026-04-28,2026-04-28
CSUSHPINSA,1978-08-01,,2026-04-28,2026-04-28
CSUSHPINSA,1978-09-01,,2026-04-28,2026-04-28
CSUSHPINSA,1978-10-01,,2026-04-28,2026-04-28
CSUSHPINSA,1978-11-01,,2026-04-28,2026-04-28
CSUSHPINSA,1978-12-01,,2026-04-28,2026-04-28
CSUSHPINSA,1979-01-01,,2026-04-28,2026-04-28
CSUSHPINSA,1979-02-01,,2026-04-28,2026-04-28
CSUSHPINSA,1979-03-01,,2026-04-28,2026-04-28
CSUSHPINSA,1979-04-01,,2026-04-28,2026-04-28
CSUSHPINSA,1979-05-01,,2026-04-28,2026-04-28
CSUSHPINSA,1979-06-01,,2026-04-28,2026-04-28
CSUSHPINSA,1979-07-01,,2026-04-28,2026-04-28
CSUSHPINSA,1979-08-01,,2026-04-28,2026-04-28
CSUSHPINSA,1979-09-01,,2026-04-28,2026-04-28
CSUSHPINSA,1979-10-01,,2026-04-28,2026-04-28
CSUSHPINSA,1979-11-01,,2026-04-28,2026-04-28
CSUSHPINSA,1979-12-01,,2026-04-28,2026-04-28
CSUSHPINSA,1980-01-01,,2026-04-28,2026-04-28
CSUSHPINSA,1980-02-01,,2026-04-28,2026-04-28
CSUSHPINSA,1980-03-01,,2026-04-28,2026-04-28
CSUSHPINSA,1980-04-01,,2026-04-28,2026-04-28
CSUSHPINSA,1980-05-01,,2026-04-28,2026-04-28
CSUSHPINSA,1980-06-01,,2026-04-28,2026-04-28
CSUSHPINSA,1980-07-01,,2026-04-28,2026-04-28
CSUSHPINSA,1980-08-01,,2026-04-28,2026-04-28
CSUSHPINSA,1980-09-01,,2026-04-28,2026-04-28
CSUSHPINSA,1980-10-01,,2026-04-28,2026-04-28
CSUSHPINSA,1980-11-01,,2026-04-28,2026-04-28
CSUSHPINSA,1980-12-01,,2026-04-28,2026-04-28
CSUSHPINSA,1981-01-01,,2026-04-28,2026-04-28
CSUSHPINSA,1981-02-01,,2026-04-28,2026-04-28
CSUSHPINSA,1981-03-01,,2026-04-28,2026-04-28
CSUSHPINSA,1981-04-01,,2026-04-28,2026-04-28
CSUSHPINSA,1981-05-01,,2026-04-28,2026-04-28
CSUSHPINSA,1981-06-01,,2026-04-28,2026-04-28
CSUSHPINSA,1981-07-01,,2026-04-28,2026-04-28
CSUSHPINSA,1981-08-01,,2026-04-28,2026-04-28
CSUSHPINSA,1981-09-01,,2026-04-28,2026-04-28
CSUSHPINSA,1981-10-01,,2026-04-28,2026-04-28
CSUSHPINSA,1981-11-01,,2026-04-28,2026-04-28
CSUSHPINSA,1981-12-01,,2026-04-28,2026-04-28
CSUSHPINSA,1982-01-01,,2026-04-28,2026-04-28
CSUSHPINSA,1982-02-01,,2026-04-28,2026-04-28
CSUSHPINSA,1982-03-01,,2026-04-28,2026-04-28
CSUSHPINSA,1982-04-01,,2026-04-28,2026-04-28
CSUSHPINSA,1982-05-01,,2026-04-28,2026-04-28
CSUSHPINSA,1982-06-01,,2026-04-28,2026-04-28
CSUSHPINSA,1982-07-01,,2026-04-28,2026-04-28
CSUSHPINSA,1982-08-01,,2026-04-28,2026-04-28
CSUSHPINSA,1982-09-01,,2026-04-28,2026-04-28
CSUSHPINSA,1982-10-01,,2026-04-28,2026-04-28
CSUSHPINSA,1982-11-01,,2026-04-28,2026-04-28
CSUSHPINSA,1982-12-01,,2026-04-28,2026-04-28
CSUSHPINSA,1983-01-01,,2026-04-28,2026-04-28
CSUSHPINSA,1983-02-01,,2026-04-28,2026-04-28
CSUSHPINSA,1983-03-01,,2026-04-28,2026-04-28
CSUSHPINSA,1983-04-01,,2026-04-28,2026-04-28
CSUSHPINSA,1983-05-01,,2026-04-28,2026-04-28
CSUSHPINSA,1983-06-01,,2026-04-28,2026-04-28
CSUSHPINSA,1983-07-01,,2026-04-28,2026-04-28
CSUSHPINSA,1983-08-01,,2026-04-28,2026-04-28
CSUSHPINSA,1983-09-01,,2026-04-28,2026-04-28
CSUSHPINSA,1983-10-01,,2026-04-28,2026-04-28
CSUSHPINSA,1983-11-01,,2026-04-28,2026-04-28
CSUSHPINSA,1983-12-01,,2026-04-28,2026-04-28
CSUSHPINSA,1984-01-01,,2026-04-28,2026-04-28
CSUSHPINSA,1984-02-01,,2026-04-28,2026-04-28
CSUSHPINSA,1984-03-01,,2026-04-28,2026-04-28
CSUSHPINSA,1984-04-01,,2026-04-28,2026-04-28
CSUSHPINSA,1984-05-01,,2026-04-28,2026-04-28
CSUSHPINSA,1984-06-01,,2026-04-28,2026-04-28
CSUSHPINSA,1984-07-01,,2026-04-28,2026-04-28
CSUSHPINSA,1984-08-01,,2026-04-28,2026-04-28
CSUSHPINSA,1984-09-01,,2026-04-28,2026-04-28
CSUSHPINSA,1984-10-01,,2026-04-28,2026-04-28
CSUSHPINSA,1984-11-01,,2026-04-28,2026-04-28
CSUSHPINSA,1984-12-01,,2026-04-28,2026-04-28
CSUSHPINSA,1985-01-01,,2026-04-28,2026-04-28
CSUSHPINSA,1985-02-01,,2026-04-28,2026-04-28
CSUSHPINSA,1985-03-01,,2026-04-28,2026-04-28
CSUSHPINSA,1985-04-01,,2026-04-28,2026-04-28
CSUSHPINSA,1985-05-01,,2026-04-28,2026-04-28
CSUSHPINSA,1985-06-01,,2026-04-28,2026-04-28
CSUSHPINSA,1985-07-01,,2026-04-28,2026-04-28
CSUSHPINSA,1985-08-01,,2026-04-28,2026-04-28
CSUSHPINSA,1985-09-01,,2026-04-28,2026-04-28
CSUSHPINSA,1985-10-01,,2026-04-28,2026-04-28
CSUSHPINSA,1985-11-01,,2026-04-28,2026-04-28
CSUSHPINSA,1985-12-01,,2026-04-28,2026-04-28
CSUSHPINSA,1986-01-01,,2026-04-28,2026-04-28
CSUSHPINSA,1986-02-01,,2026-04-28,2026-04-28
CSUSHPINSA,1986-03-01,,2026-04-28,2026-04-28
CSUSHPINSA,1986-04-01,,2026-04-28,2026-04-28
CSUSHPINSA,1986-05-01,,2026-04-28,2026-04-28
CSUSHPINSA,1986-06-01,,2026-04-28,2026-04-28
CSUSHPINSA,1986-07-01,,2026-04-28,2026-04-28
CSUSHPINSA,1986-08-01,,2026-04-28,2026-04-28
CSUSHPINSA,1986-09-01,,2026-04-28,2026-04-28
CSUSHPINSA,1986-10-01,,2026-04-28,2026-04-28
CSUSHPINSA,1986-11-01,,2026-04-28,2026-04-28
CSUSHPINSA,1986-12-01,,2026-04-28,2026-04-28
CSUSHPINSA,1987-01-01,63.732,2026-04-28,2026-04-28
CSUSHPINSA,1987-02-01,64.132,2026-04-28,2026-04-28
CSUSHPINSA,1987-03-01,64.467,2026-04-28,2026-04-28
CSUSHPINSA,1987-04-01,64.972,2026-04-28,2026-04-28
CSUSHPINSA,1987-05-01,65.547,2026-04-28,2026-04-28
CSUSHPINSA,1987-06-01,66.218,2026-04-28,2026-04-28
CSUSHPINSA,1987-07-01,66.786,2026-04-28,2026-04-28
CSUSHPINSA,1987-08-01,67.27,2026-04-28,2026-04-28
CSUSHPINSA,1987-09-01,67.623,2026-04-28,2026-04-28
CSUSHPINSA,1987-10-01,67.902,2026-04-28,2026-04-28
CSUSHPINSA,1987-11-01,68.091,2026-04-28,2026-04-28
CSUSHPINSA,1987-12-01,68.343,2026-04-28,2026-04-28
CSUSHPINSA,1988-01-01,68.583,2026-04-28,2026-04-28
CSUSHPINSA,1988-02-01,68.917,2026-04-28,2026-04-28
CSUSHPINSA,1988-03-01,69.326,2026-04-28,2026-04-28
CSUSHPINSA,1988-04-01,69.79,2026-04-28,2026-04-28
CSUSHPINSA,1988-05-01,70.409,2026-04-28,2026-04-28
CSUSHPINSA,1988-06-01,71.068,2026-04-28,2026-04-28
CSUSHPINSA,1988-07-01,71.685,2026-04-28,2026-04-28
CSUSHPINSA,1988-08-01,72.185,2026-04-28,2026-04-28
CSUSHPINSA,1988-09-01,72.574,2026-04-28,2026-04-28
CSUSHPINSA,1988-10-01,72.822,2026-04-28,2026-04-28
CSUSHPINSA,1988-11-01,73.064,2026-04-28,2026-04-28
CSUSHPINSA,1988-12-01,73.277,2026-04-28,2026-04-28
CSUSHPINSA,1989-01-01,73.617,2026-04-28,2026-04-28
CSUSHPINSA,1989-02-01,73.968,2026-04-28,2026-04-28
CSUSHPINSA,1989-03-01,74.41,2026-04-28,2026-04-28
CSUSHPINSA,1989-04-01,74.867,2026-04-28,2026-04-28
CSUSHPINSA,1989-05-01,75.294,2026-04-28,2026-04-28
CSUSHPINSA,1989-06-01,75.694,2026-04-28,2026-04-28
CSUSHPINSA,1989-07-01,76.04,2026-04-28,2026-04-28
CSUSHPINSA,1989-08-01,76.27,2026-04-28,2026-04-28
CSUSHPINSA,1989-09-01,76.419,2026-04-28,2026-04-28
CSUSHPINSA,1989-10-01,76.486,2026-04-28,2026-04-28
CSUSHPINSA,1989-11-01,76.519,2026-04-28,2026-04-28
CSUSHPINSA,1989-12-01,76.496,2026-04-28,2026-04-28
CSUSHPINSA,1990-01-01,76.527,2026-04-28,2026-04-28
CSUSHPINSA,1990-02-01,76.587,2026-04-28,2026-04-28
CSUSHPINSA,1990-03-01,76.79,2026-04-28,2026-04-28
CSUSHPINSA,1990-04-01,77.039,2026-04-28,2026-04-28
CSUSHPINSA,1990-05-01,77.297,2026-04-28,2026-04-28
CSUSHPINSA,1990-06-01,77.505,2026-04-28,2026-04-28
CSUSHPINSA,1990-07-01,77.559,2026-04-28,2026-04-28
CSUSHPINSA,1990-08-01,77.478,2026-04-28,2026-04-28
CSUSHPINSA,1990-09-01,77.227,2026-04-28,2026-04-28
CSUSHPINSA,1990-10-01,76.911,2026-04-28,2026-04-28
CSUSHPINSA,1990-11-01,76.379,2026-04-28,2026-04-28
CSUSHPINSA,1990-12-01,75.97,2026-04-28,2026-04-28
CSUSHPINSA,1991-01-01,75.532,2026-04-28,2026-04-28
CSUSHPINSA,1991-02-01,75.246,2026-04-28,2026-04-28
CSUSHPINSA,1991-03-01,75.132,2026-04-28,2026-04-28
CSUSHPINSA,1991-04-01,75.315,2026-04-28,2026-04-28
CSUSHPINSA,1991-05-01,75.765,2026-04-28,2026-04-28
CSUSHPINSA,1991-06-01,76.253,2026-04-28,2026-04-28
CSUSHPINSA,1991-07-01,76.512,2026-04-28,2026-04-28
CSUSHPINSA,1991-08-01,76.589,2026-04-28,2026-04-28
CSUSHPINSA,1991-09-01,76.574,2026-04-28,2026-04-28
CSUSHPINSA,1991-10-01,76.287,2026-04-28,2026-04-28
CSUSHPINSA,1991-11-01,76.028,2026-04-28,2026-04-28
CSUSHPINSA,1991-12-01,75.839,2026-04-28,2026-04-28
CSUSHPINSA,1992-01-01,75.702,2026-04-28,2026-04-28
CSUSHPINSA,1992-02-01,75.657,2026-04-28,2026-04-28
CSUSHPINSA,1992-03-01,75.815,2026-04-28,2026-04-28
CSUSHPINSA,1992-04-01,76.08,2026-04-28,2026-04-28
CSUSHPINSA,1992-05-01,76.397,2026-04-28,2026-04-28
CSUSHPINSA,1992-06-01,76.601,2026-04-28,2026-04-28
CSUSHPINSA,1992-07-01,76.71,2026-04-28,2026-04-28
CSUSHPINSA,1992-08-01,76.731,2026-04-28,2026-04-28
CSUSHPINSA,1992-09-01,76.628,2026-04-28,2026-04-28
CSUSHPINSA,1992-10-01,76.598,2026-04-28,2026-04-28
CSUSHPINSA,1992-11-01,76.579,2026-04-28,2026-04-28
CSUSHPINSA,1992-12-01,76.465,2026-04-28,2026-04-28
CSUSHPINSA,1993-01-01,76.396,2026-04-28,2026-04-28
CSUSHPINSA,1993-02-01,76.328,2026-04-28,2026-04-28
CSUSHPINSA,1993-03-01,76.383,2026-04-28,2026-04-28
CSUSHPINSA,1993-04-01,76.66,2026-04-28,2026-04-28
CSUSHPINSA,1993-05-01,77.029,2026-04-28,2026-04-28
CSUSHPINSA,1993-06-01,77.516,2026-04-28,2026-04-28
CSUSHPINSA,1993-07-01,77.886,2026-04-28,2026-04-28
CSUSHPINSA,1993-08-01,78.132,2026-04-28,2026-04-28
CSUSHPINSA,1993-09-01,78.199,2026-04-28,2026-04-28
CSUSHPINSA,1993-10-01,78.173,2026-04-28,2026-04-28
CSUSHPINSA,1993-11-01,78.172,2026-04-28,2026-04-28
CSUSHPINSA,1993-12-01,78.114,2026-04-28,2026-04-28
CSUSHPINSA,1994-01-01,78.199,2026-04-28,2026-04-28
CSUSHPINSA,1994-02-01,78.204,2026-04-28,2026-04-28
CSUSHPINSA,1994-03-01,78.348,2026-04-28,2026-04-28
CSUSHPINSA,1994-04-01,78.7,2026-04-28,2026-04-28
CSUSHPINSA,1994-05-01,79.208,2026-04-28,2026-04-28
CSUSHPINSA,1994-06-01,79.7,2026-04-28,2026-04-28
CSUSHPINSA,1994-07-01,80.062,2026-04-28,2026-04-28
CSUSHPINSA,1994-08-01,80.316,2026-04-28,2026-04-28
CSUSHPINSA,1994-09-01,80.339,2026-04-28,2026-04-28
CSUSHPINSA,1994-10-01,80.304,2026-04-28,2026-04-28
CSUSHPINSA,1994-11-01,80.169,2026-04-28,2026-04-28
CSUSHPINSA,1994-12-01,80.078,2026-04-28,2026-04-28
CSUSHPINSA,1995-01-01,80.026,2026-04-28,2026-04-28
CSUSHPINSA,1995-02-01,79.991,2026-04-28,2026-04-28
CSUSHPINSA,1995-03-01,80.077,2026-04-28,2026-04-28
CSUSHPINSA,1995-04-01,80.369,2026-04-28,2026-04-28
CSUSHPINSA,1995-05-01,80.691,2026-04-28,2026-04-28
CSUSHPINSA,1995-06-01,81.068,2026-04-28,2026-04-28
CSUSHPINSA,1995-07-01,81.412,2026-04-28,2026-04-28
CSUSHPINSA,1995-08-01,81.654,2026-04-28,2026-04-28
CSUSHPINSA,1995-09-01,81.738,2026-04-28,2026-04-28
CSUSHPINSA,1995-10-01,81.726,2026-04-28,2026-04-28
CSUSHPINSA,1995-11-01,81.63,2026-04-28,2026-04-28
CSUSHPINSA,1995-12-01,81.512,2026-04-28,2026-04-28
CSUSHPINSA,1996-01-01,81.427,2026-04-28,2026-04-28
CSUSHPINSA,1996-02-01,81.4,2026-04-28,2026-04-28
CSUSHPINSA,1996-03-01,81.666,2026-04-28,2026-04-28
CSUSHPINSA,1996-04-01,82.124,2026-04-28,2026-04-28
CSUSHPINSA,1996-05-01,82.601,2026-04-28,2026-04-28
CSUSHPINSA,1996-06-01,83.048,2026-04-28,2026-04-28
CSUSHPINSA,1996-07-01,83.418,2026-04-28,2026-04-28
CSUSHPINSA,1996-08-01,83.645,2026-04-28,2026-04-28
CSUSHPINSA,1996-09-01,83.701,2026-04-28,2026-04-28
CSUSHPINSA,1996-10-01,83.629,2026-04-28,2026-04-28
CSUSHPINSA,1996-11-01,83.556,2026-04-28,2026-04-28
CSUSHPINSA,1996-12-01,83.489,2026-04-28,2026-04-28
CSUSHPINSA,1997-01-01,83.529,2026-04-28,2026-04-28
CSUSHPINSA,1997-02-01,83.595,2026-04-28,2026-04-28
CSUSHPINSA,1997-03-01,83.909,2026-04-28,2026-04-28
CSUSHPINSA,1997-04-01,84.319,2026-04-28,2026-04-28
CSUSHPINSA,1997-05-01,84.863,2026-04-28,2026-04-28
CSUSHPINSA,1997-06-01,85.398,2026-04-28,2026-04-28
CSUSHPINSA,1997-07-01,85.841,2026-04-28,2026-04-28
CSUSHPINSA,1997-08-01,86.151,2026-04-28,2026-04-28
CSUSHPINSA,1997-09-01,86.311,2026-04-28,2026-04-28
CSUSHPINSA,1997-10-01,86.408,2026-04-28,2026-04-28
CSUSHPINSA,1997-11-01,86.632,2026-04-28,2026-04-28
CSUSHPINSA,1997-12-01,86.849,2026-04-28,2026-04-28
CSUSHPINSA,1998-01-01,87.164,2026-04-28,2026-04-28
CSUSHPINSA,1998-02-01,87.375,2026-04-28,2026-04-28
CSUSHPINSA,1998-03-01,87.878,2026-04-28,2026-04-28
CSUSHPINSA,1998-04-01,88.558,2026-04-28,2026-04-28
CSUSHPINSA,1998-05-01,89.373,2026-04-28,2026-04-28
CSUSHPINSA,1998-06-01,90.194,2026-04-28,2026-04-28
CSUSHPINSA,1998-07-01,90.858,2026-04-28,2026-04-28
CSUSHPINSA,1998-08-01,91.406,2026-04-28,2026-04-28
CSUSHPINSA,1998-09-01,91.751,2026-04-28,2026-04-28
CSUSHPINSA,1998-10-01,91.998,2026-04-28,2026-04-28
CSUSHPINSA,1998-11-01,92.196,2026-04-28,2026-04-28
CSUSHPINSA,1998-12-01,92.442,2026-04-28,2026-04-28
CSUSHPINSA,1999-01-01,92.713,2026-04-28,2026-04-28
CSUSHPINSA,1999-02-01,92.98,2026-04-28,2026-04-28
CSUSHPINSA,1999-03-01,93.611,2026-04-28,2026-04-28
CSUSHPINSA,1999-04-01,94.436,2026-04-28,2026-04-28
CSUSHPINSA,1999-05-01,95.361,2026-04-28,2026-04-28
CSUSHPINSA,1999-06-01,96.364,2026-04-28,2026-04-28
CSUSHPINSA,1999-07-01,97.192,2026-04-28,2026-04-28
CSUSHPINSA,1999-08-01,97.897,2026-04-28,2026-04-28
CSUSHPINSA,1999-09-01,98.399,2026-04-28,2026-04-28
CSUSHPINSA,1999-10-01,98.831,2026-04-28,2026-04-28
CSUSHPINSA,1999-11-01,99.147,2026-04-28,2026-04-28
CSUSHPINSA,1999-12-01,99.541,2026-04-28,2026-04-28
CSUSHPINSA,2000-01-01,100.0,2026-04-28,2026-04-28
CSUSHPINSA,2000-02-01,100.571,2026-04-28,2026-04-28
CSUSHPINSA,2000-03-01,101.466,2026-04-28,2026-04-28
CSUSHPINSA,2000-04-01,102.54,2026-04-28,2026-04-28
CSUSHPINSA,2000-05-01,103.701,2026-04-28,2026-04-28
CSUSHPINSA,2000-06-01,104.856,2026-04-28,2026-04-28
CSUSHPINSA,2000-07-01,105.723,2026-04-28,2026-04-28
CSUSHPINSA,2000-08-01,106.523,2026-04-28,2026-04-28
CSUSHPINSA,2000-09-01,107.137,2026-04-28,2026-04-28
CSUSHPINSA,2000-10-01,107.729,2026-04-28,2026-04-28
CSUSHPINSA,2000-11-01,108.292,2026-04-28,2026-04-28
CSUSHPINSA,2000-12-01,108.793,2026-04-28,2026-04-28
CSUSHPINSA,2001-01-01,109.216,2026-04-28,2026-04-28
CSUSHPINSA,2001-02-01,109.643,2026-04-28,2026-04-28
CSUSHPINSA,2001-03-01,110.395,2026-04-28,2026-04-28
CSUSHPINSA,2001-04-01,111.248,2026-04-28,2026-04-28
CSUSHPINSA,2001-05-01,112.203,2026-04-28,2026-04-28
CSUSHPINSA,2001-06-01,113.273,2026-04-28,2026-04-28
CSUSHPINSA,2001-07-01,114.229,2026-04-28,2026-04-28
CSUSHPINSA,2001-08-01,114.99,2026-04-28,2026-04-28
CSUSHPINSA,2001-09-01,115.466,2026-04-28,2026-04-28
CSUSHPINSA,2001-10-01,115.681,2026-04-28,2026-04-28
CSUSHPINSA,2001-11-01,115.838,2026-04-28,2026-04-28
CSUSHPINSA,2001-12-01,116.054,2026-04-28,2026-04-28
CSUSHPINSA,2002-01-01,116.436,2026-04-28,2026-04-28
CSUSHPINSA,2002-02-01,116.917,2026-04-28,2026-04-28
CSUSHPINSA,2002-03-01,117.93,2026-04-28,2026-04-28
CSUSHPINSA,2002-04-01,119.209,2026-04-28,2026-04-28
CSUSHPINSA,2002-05-01,120.789,2026-04-28,2026-04-28
CSUSHPINSA,2002-06-01,122.334,2026-04-28,2026-04-28
CSUSHPINSA,2002-07-01,123.688,2026-04-28,2026-04-28
CSUSHPINSA,2002-08-01,124.731,2026-04-28,2026-04-28
CSUSHPINSA,2002-09-01,125.495,2026-04-28,2026-04-28
CSUSHPINSA,2002-10-01,126.138,2026-04-28,2026-04-28
CSUSHPINSA,2002-11-01,126.644,2026-04-28,2026-04-28
CSUSHPINSA,2002-12-01,127.152,2026-04-28,2026-04-28
CSUSHPINSA,2003-01-01,127.653,2026-04-28,2026-04-28
CSUSHPINSA,2003-02-01,128.327,2026-04-28,2026-04-28
CSUSHPINSA,2003-03-01,129.308,2026-04-28,2026-04-28
CSUSHPINSA,2003-04-01,130.488,2026-04-28,2026-04-28
CSUSHPINSA,2003-05-01,131.839,2026-04-28,2026-04-28
CSUSHPINSA,2003-06-01,133.225,2026-04-28,2026-04-28
CSUSHPINSA,2003-07-01,134.647,2026-04-28,2026-04-28
CSUSHPINSA,2003-08-01,135.966,2026-04-28,2026-04-28
CSUSHPINSA,2003-09-01,137.077,2026-04-28,2026-04-28
CSUSHPINSA,2003-10-01,137.977,2026-04-28,2026-04-28
CSUSHPINSA,2003-11-01,138.766,2026-04-28,2026-04-28
CSUSHPINSA,2003-12-01,139.629,2026-04-28,2026-04-28
CSUSHPINSA,2004-01-01,140.706,2026-04-28,2026-04-28
CSUSHPINSA,2004-02-01,142.028,2026-04-28,2026-04-28
CSUSHPINSA,2004-03-01,144.08,2026-04-28,2026-04-28
CSUSHPINSA,2004-04-01,146.18,2026-04-28,2026-04-28
CSUSHPINSA,2004-05-01,148.335,2026-04-28,2026-04-28
CSUSHPINSA,2004-06-01,150.519,2026-04-28,2026-04-28
CSUSHPINSA,2004-07-01,152.338,2026-04-28,2026-04-28
CSUSHPINSA,2004-08-01,153.815,2026-04-28,2026-04-28
CSUSHPINSA,2004-09-01,155.108,2026-04-28,2026-04-28
CSUSHPINSA,2004-10-01,156.298,2026-04-28,2026-04-28
CSUSHPINSA,2004-11-01,157.496,2026-04-28,2026-04-28
CSUSHPINSA,2004-12-01,158.67,2026-04-28,2026-04-28
CSUSHPINSA,2005-01-01,160.131,2026-04-28,2026-04-28
CSUSHPINSA,2005-02-01,161.926,2026-04-28,2026-04-28
CSUSHPINSA,2005-03-01,164.578,2026-04-28,2026-04-28
CSUSHPINSA,2005-04-01,167.001,2026-04-28,2026-04-28
CSUSHPINSA,2005-05-01,169.546,2026-04-28,2026-04-28
CSUSHPINSA,2005-06-01,172.017,2026-04-28,2026-04-28
CSUSHPINSA,2005-07-01,174.099,2026-04-28,2026-04-28
CSUSHPINSA,2005-08-01,175.925,2026-04-28,2026-04-28
CSUSHPINSA,2005-09-01,177.613,2026-04-28,2026-04-28
CSUSHPINSA,2005-10-01,178.755,2026-04-28,2026-04-28
CSUSHPINSA,2005-11-01,179.677,2026-04-28,2026-04-28
CSUSHPINSA,2005-12-01,180.11,2026-04-28,2026-04-28
CSUSHPINSA,2006-01-01,180.829,2026-04-28,2026-04-28
CSUSHPINSA,2006-02-01,181.5,2026-04-28,2026-04-28
CSUSHPINSA,2006-03-01,182.749,2026-04-28,2026-04-28
CSUSHPINSA,2006-04-01,183.648,2026-04-28,2026-04-28
CSUSHPINSA,2006-05-01,184.38,2026-04-28,2026-04-28
CSUSHPINSA,2006-06-01,184.547,2026-04-28,2026-04-28
CSUSHPINSA,2006-07-01,184.608,2026-04-28,2026-04-28
CSUSHPINSA,2006-08-01,184.405,2026-04-28,2026-04-28
CSUSHPINSA,2006-09-01,184.198,2026-04-28,2026-04-28
CSUSHPINSA,2006-10-01,184.054,2026-04-28,2026-04-28
CSUSHPINSA,2006-11-01,183.631,2026-04-28,2026-04-28
CSUSHPINSA,2006-12-01,183.228,2026-04-28,2026-04-28
CSUSHPINSA,2007-01-01,182.717,2026-04-28,2026-04-28
CSUSHPINSA,2007-02-01,182.469,2026-04-28,2026-04-28
CSUSHPINSA,2007-03-01,182.191,2026-04-28,2026-04-28
CSUSHPINSA,2007-04-01,182.129,2026-04-28,2026-04-28
CSUSHPINSA,2007-05-01,181.882,2026-04-28,2026-04-28
CSUSHPINSA,2007-06-01,181.539,2026-04-28,2026-04-28
CSUSHPINSA,2007-07-01,180.992,2026-04-28,2026-04-28
CSUSHPINSA,2007-08-01,180.234,2026-04-28,2026-04-28
CSUSHPINSA,2007-09-01,179.121,2026-04-28,2026-04-28
CSUSHPINSA,2007-10-01,177.53,2026-04-28,2026-04-28
CSUSHPINSA,2007-11-01,175.162,2026-04-28,2026-04-28
CSUSHPINSA,2007-12-01,173.337,2026-04-28,2026-04-28
CSUSHPINSA,2008-01-01,171.076,2026-04-28,2026-04-28
CSUSHPINSA,2008-02-01,169.189,2026-04-28,2026-04-28
CSUSHPINSA,2008-03-01,167.9,2026-04-28,2026-04-28
CSUSHPINSA,2008-04-01,167.317,2026-04-28,2026-04-28
CSUSHPINSA,2008-05-01,167.014,2026-04-28,2026-04-28
CSUSHPINSA,2008-06-01,166.533,2026-04-28,2026-04-28
CSUSHPINSA,2008-07-01,165.711,2026-04-28,2026-04-28
CSUSHPINSA,2008-08-01,164.276,2026-04-28,2026-04-28
CSUSHPINSA,2008-09-01,161.911,2026-04-28,2026-04-28
CSUSHPINSA,2008-10-01,159.161,2026-04-28,2026-04-28
CSUSHPINSA,2008-11-01,156.07,2026-04-28,2026-04-28
CSUSHPINSA,2008-12-01,152.544,2026-04-28,2026-04-28
CSUSHPINSA,2009-01-01,149.361,2026-04-28,2026-04-28
CSUSHPINSA,2009-02-01,147.617,2026-04-28,2026-04-28
CSUSHPINSA,2009-03-01,146.513,2026-04-28,2026-04-28
CSUSHPINSA,2009-04-01,146.94,2026-04-28,2026-04-28
CSUSHPINSA,2009-05-01,148.167,2026-04-28,2026-04-28
CSUSHPINSA,2009-06-01,149.794,2026-04-28,2026-04-28
CSUSHPINSA,2009-07-01,150.747,2026-04-28,2026-04-28
CSUSHPINSA,2009-08-01,150.668,2026-04-28,2026-04-28
CSUSHPINSA,2009-09-01,149.628,2026-04-28,2026-04-28
CSUSHPINSA,2009-10-01,148.585,2026-04-28,2026-04-28
CSUSHPINSA,2009-11-01,147.94,2026-04-28,2026-04-28
CSUSHPINSA,2009-12-01,146.667,2026-04-28,2026-04-28
CSUSHPINSA,2010-01-01,145.003,2026-04-28,2026-04-28
CSUSHPINSA,2010-02-01,143.055,2026-04-28,2026-04-28
CSUSHPINSA,2010-03-01,143.595,2026-04-28,2026-04-28
CSUSHPINSA,2010-04-01,145.398,2026-04-28,2026-04-28
CSUSHPINSA,2010-05-01,147.031,2026-04-28,2026-04-28
CSUSHPINSA,2010-06-01,147.698,2026-04-28,2026-04-28
CSUSHPINSA,2010-07-01,147.56,2026-04-28,2026-04-28
CSUSHPINSA,2010-08-01,146.426,2026-04-28,2026-04-28
CSUSHPINSA,2010-09-01,144.607,2026-04-28,2026-04-28
CSUSHPINSA,2010-10-01,143.125,2026-04-28,2026-04-28
CSUSHPINSA,2010-11-01,141.813,2026-04-28,2026-04-28
CSUSHPINSA,2010-12-01,140.622,2026-04-28,2026-04-28
CSUSHPINSA,2011-01-01,139.029,2026-04-28,2026-04-28
CSUSHPINSA,2011-02-01,137.724,2026-04-28,2026-04-28
CSUSHPINSA,2011-03-01,137.779,2026-04-28,2026-04-28
CSUSHPINSA,2011-04-01,139.153,2026-04-28,2026-04-28
CSUSHPINSA,2011-05-01,140.689,2026-04-28,2026-04-28
CSUSHPINSA,2011-06-01,141.942,2026-04-28,2026-04-28
CSUSHPINSA,2011-07-01,142.34,2026-04-28,2026-04-28
CSUSHPINSA,2011-08-01,141.782,2026-04-28,2026-04-28
CSUSHPINSA,2011-09-01,140.161,2026-04-28,2026-04-28
CSUSHPINSA,2011-10-01,138.399,2026-04-28,2026-04-28
CSUSHPINSA,2011-11-01,136.652,2026-04-28,2026-04-28
CSUSHPINSA,2011-12-01,135.155,2026-04-28,2026-04-28
CSUSHPINSA,2012-01-01,134.156,2026-04-28,2026-04-28
CSUSHPINSA,2012-02-01,133.987,2026-04-28,2026-04-28
CSUSHPINSA,2012-03-01,135.855,2026-04-28,2026-04-28
CSUSHPINSA,2012-04-01,138.461,2026-04-28,2026-04-28
CSUSHPINSA,2012-05-01,141.037,2026-04-28,2026-04-28
CSUSHPINSA,2012-06-01,143.158,2026-04-28,2026-04-28
CSUSHPINSA,2012-07-01,144.272,2026-04-28,2026-04-28
CSUSHPINSA,2012-08-01,144.695,2026-04-28,2026-04-28
CSUSHPINSA,2012-09-01,144.348,2026-04-28,2026-04-28
CSUSHPINSA,2012-10-01,143.958,2026-04-28,2026-04-28
CSUSHPINSA,2012-11-01,143.951,2026-04-28,2026-04-28
CSUSHPINSA,2012-12-01,143.858,2026-04-28,2026-04-28
CSUSHPINSA,2013-01-01,144.302,2026-04-28,2026-04-28
CSUSHPINSA,2013-02-01,145.152,2026-04-28,2026-04-28
CSUSHPINSA,2013-03-01,147.952,2026-04-28,2026-04-28
CSUSHPINSA,2013-04-01,150.96,2026-04-28,2026-04-28
CSUSHPINSA,2013-05-01,153.85,2026-04-28,2026-04-28
CSUSHPINSA,2013-06-01,156.417,2026-04-28,2026-04-28
CSUSHPINSA,2013-07-01,158.275,2026-04-28,2026-04-28
CSUSHPINSA,2013-08-01,159.382,2026-04-28,2026-04-28
CSUSHPINSA,2013-09-01,159.663,2026-04-28,2026-04-28
CSUSHPINSA,2013-10-01,159.55,2026-04-28,2026-04-28
CSUSHPINSA,2013-11-01,159.361,2026-04-28,2026-04-28
CSUSHPINSA,2013-12-01,159.278,2026-04-28,2026-04-28
CSUSHPINSA,2014-01-01,159.364,2026-04-28,2026-04-28
CSUSHPINSA,2014-02-01,159.865,2026-04-28,2026-04-28
CSUSHPINSA,2014-03-01,161.179,2026-04-28,2026-04-28
CSUSHPINSA,2014-04-01,162.955,2026-04-28,2026-04-28
CSUSHPINSA,2014-05-01,164.667,2026-04-28,2026-04-28
CSUSHPINSA,2014-06-01,166.196,2026-04-28,2026-04-28
CSUSHPINSA,2014-07-01,167.12,2026-04-28,2026-04-28
CSUSHPINSA,2014-08-01,167.436,2026-04-28,2026-04-28
CSUSHPINSA,2014-09-01,167.227,2026-04-28,2026-04-28
CSUSHPINSA,2014-10-01,166.896,2026-04-28,2026-04-28
CSUSHPINSA,2014-11-01,166.645,2026-04-28,2026-04-28
CSUSHPINSA,2014-12-01,166.446,2026-04-28,2026-04-28
CSUSHPINSA,2015-01-01,166.232,2026-04-28,2026-04-28
CSUSHPINSA,2015-02-01,166.61,2026-04-28,2026-04-28
CSUSHPINSA,2015-03-01,168.069,2026-04-28,2026-04-28
CSUSHPINSA,2015-04-01,169.954,2026-04-28,2026-04-28
CSUSHPINSA,2015-05-01,171.836,2026-04-28,2026-04-28
CSUSHPINSA,2015-06-01,173.433,2026-04-28,2026-04-28
CSUSHPINSA,2015-07-01,174.476,2026-04-28,2026-04-28
CSUSHPINSA,2015-08-01,174.915,2026-04-28,2026-04-28
CSUSHPINSA,2015-09-01,175.019,2026-04-28,2026-04-28
CSUSHPINSA,2015-10-01,175.024,2026-04-28,2026-04-28
CSUSHPINSA,2015-11-01,175.113,2026-04-28,2026-04-28
CSUSHPINSA,2015-12-01,175.087,2026-04-28,2026-04-28
CSUSHPINSA,2016-01-01,175.011,2026-04-28,2026-04-28
CSUSHPINSA,2016-02-01,175.26,2026-04-28,2026-04-28
CSUSHPINSA,2016-03-01,176.582,2026-04-28,2026-04-28
CSUSHPINSA,2016-04-01,178.477,2026-04-28,2026-04-28
CSUSHPINSA,2016-05-01,180.325,2026-04-28,2026-04-28
CSUSHPINSA,2016-06-01,181.898,2026-04-28,2026-04-28
CSUSHPINSA,2016-07-01,183.001,2026-04-28,2026-04-28
CSUSHPINSA,2016-08-01,183.639,2026-04-28,2026-04-28
CSUSHPINSA,2016-09-01,183.925,2026-04-28,2026-04-28
CSUSHPINSA,2016-10-01,183.994,2026-04-28,2026-04-28
CSUSHPINSA,2016-11-01,184.203,2026-04-28,2026-04-28
CSUSHPINSA,2016-12-01,184.375,2026-04-28,2026-04-28
CSUSHPINSA,2017-01-01,184.629,2026-04-28,2026-04-28
CSUSHPINSA,2017-02-01,184.997,2026-04-28,2026-04-28
CSUSHPINSA,2017-03-01,186.506,2026-04-28,2026-04-28
CSUSHPINSA,2017-04-01,188.52,2026-04-28,2026-04-28
CSUSHPINSA,2017-05-01,190.516,2026-04-28,2026-04-28
CSUSHPINSA,2017-06-01,192.241,2026-04-28,2026-04-28
CSUSHPINSA,2017-07-01,193.485,2026-04-28,2026-04-28
CSUSHPINSA,2017-08-01,194.318,2026-04-28,2026-04-28
CSUSHPINSA,2017-09-01,194.787,2026-04-28,2026-04-28
CSUSHPINSA,2017-10-01,195.051,2026-04-28,2026-04-28
CSUSHPINSA,2017-11-01,195.415,2026-04-28,2026-04-28
CSUSHPINSA,2017-12-01,195.811,2026-04-28,2026-04-28
CSUSHPINSA,2018-01-01,196.082,2026-04-28,2026-04-28
CSUSHPINSA,2018-02-01,196.874,2026-04-28,2026-04-28
CSUSHPINSA,2018-03-01,198.54,2026-04-28,2026-04-28
CSUSHPINSA,2018-04-01,200.579,2026-04-28,2026-04-28
CSUSHPINSA,2018-05-01,202.415,2026-04-28,2026-04-28
CSUSHPINSA,2018-06-01,204.008,2026-04-28,2026-04-28
CSUSHPINSA,2018-07-01,204.917,2026-04-28,2026-04-28
CSUSHPINSA,2018-08-01,205.295,2026-04-28,2026-04-28
CSUSHPINSA,2018-09-01,205.342,2026-04-28,2026-04-28
CSUSHPINSA,2018-10-01,205.339,2026-04-28,2026-04-28
CSUSHPINSA,2018-11-01,205.077,2026-04-28,2026-04-28
CSUSHPINSA,2018-12-01,204.667,2026-04-28,2026-04-28
CSUSHPINSA,2019-01-01,204.169,2026-04-28,2026-04-28
CSUSHPINSA,2019-02-01,204.394,2026-04-28,2026-04-28
CSUSHPINSA,2019-03-01,205.74,2026-04-28,2026-04-28
CSUSHPINSA,2019-04-01,207.652,2026-04-28,2026-04-28
CSUSHPINSA,2019-05-01,209.314,2026-04-28,2026-04-28
CSUSHPINSA,2019-06-01,210.549,2026-04-28,2026-04-28
CSUSHPINSA,2019-07-01,211.3,2026-04-28,2026-04-28
CSUSHPINSA,2019-08-01,211.659,2026-04-28,2026-04-28
CSUSHPINSA,2019-09-01,211.837,2026-04-28,2026-04-28
CSUSHPINSA,2019-10-01,211.931,2026-04-28,2026-04-28
CSUSHPINSA,2019-11-01,212.07,2026-04-28,2026-04-28
CSUSHPINSA,2019-12-01,212.201,2026-04-28,2026-04-28
CSUSHPINSA,2020-01-01,212.361,2026-04-28,2026-04-28
CSUSHPINSA,2020-02-01,213.18,2026-04-28,2026-04-28
CSUSHPINSA,2020-03-01,215.156,2026-04-28,2026-04-28
CSUSHPINSA,2020-04-01,217.2,2026-04-28,2026-04-28
CSUSHPINSA,2020-05-01,218.448,2026-04-28,2026-04-28
CSUSHPINSA,2020-06-01,219.774,2026-04-28,2026-04-28
CSUSHPINSA,2020-07-01,221.53,2026-04-28,2026-04-28
CSUSHPINSA,2020-08-01,224.008,2026-04-28,2026-04-28
CSUSHPINSA,2020-09-01,226.757,2026-04-28,2026-04-28
CSUSHPINSA,2020-10-01,229.764,2026-04-28,2026-04-28
CSUSHPINSA,2020-11-01,232.265,2026-04-28,2026-04-28
CSUSHPINSA,2020-12-01,234.315,2026-04-28,2026-04-28
CSUSHPINSA,2021-01-01,236.391,2026-04-28,2026-04-28
CSUSHPINSA,2021-02-01,239.174,2026-04-28,2026-04-28
CSUSHPINSA,2021-03-01,244.172,2026-04-28,2026-04-28
CSUSHPINSA,2021-04-01,249.781,2026-04-28,2026-04-28
CSUSHPINSA,2021-05-01,255.404,2026-04-28,2026-04-28
CSUSHPINSA,2021-06-01,261.12,2026-04-28,2026-04-28
CSUSHPINSA,2021-07-01,265.446,2026-04-28,2026-04-28
CSUSHPINSA,2021-08-01,268.714,2026-04-28,2026-04-28
CSUSHPINSA,2021-09-01,271.364,2026-04-28,2026-04-28
CSUSHPINSA,2021-10-01,273.571,2026-04-28,2026-04-28
CSUSHPINSA,2021-11-01,275.94,2026-04-28,2026-04-28
CSUSHPINSA,2021-12-01,278.514,2026-04-28,2026-04-28
CSUSHPINSA,2022-01-01,281.892,2026-04-28,2026-04-28
CSUSHPINSA,2022-02-01,287.111,2026-04-28,2026-04-28
CSUSHPINSA,2022-03-01,294.902,2026-04-28,2026-04-28
CSUSHPINSA,2022-04-01,301.516,2026-04-28,2026-04-28
CSUSHPINSA,2022-05-01,306.276,2026-04-28,2026-04-28
CSUSHPINSA,2022-06-01,308.07,2026-04-28,2026-04-28
CSUSHPINSA,2022-07-01,306.905,2026-04-28,2026-04-28
CSUSHPINSA,2022-08-01,303.48,2026-04-28,2026-04-28
CSUSHPINSA,2022-09-01,300.312,2026-04-28,2026-04-28
CSUSHPINSA,2022-10-01,298.526,2026-04-28,2026-04-28
CSUSHPINSA,2022-11-01,296.71,2026-04-28,2026-04-28
CSUSHPINSA,2022-12-01,294.204,2026-04-28,2026-04-28
CSUSHPINSA,2023-01-01,292.698,2026-04-28,2026-04-28
CSUSHPINSA,2023-02-01,293.494,2026-04-28,2026-04-28
CSUSHPINSA,2023-03-01,297.412,2026-04-28,2026-04-28
CSUSHPINSA,2023-04-01,301.519,2026-04-28,2026-04-28
CSUSHPINSA,2023-05-01,305.382,2026-04-28,2026-04-28
CSUSHPINSA,2023-06-01,308.341,2026-04-28,2026-04-28
CSUSHPINSA,2023-07-01,310.265,2026-04-28,2026-04-28
CSUSHPINSA,2023-08-01,311.628,2026-04-28,2026-04-28
CSUSHPINSA,2023-09-01,312.482,2026-04-28,2026-04-28
CSUSHPINSA,2023-10-01,312.829,2026-04-28,2026-04-28
CSUSHPINSA,2023-11-01,312.067,2026-04-28,2026-04-28
CSUSHPINSA,2023-12-01,310.888,2026-04-28,2026-04-28
CSUSHPINSA,2024-01-01,310.759,2026-04-28,2026-04-28
CSUSHPINSA,2024-02-01,312.678,2026-04-28,2026-04-28
CSUSHPINSA,2024-03-01,316.858,2026-04-28,2026-04-28
CSUSHPINSA,2024-04-01,320.786,2026-04-28,2026-04-28
CSUSHPINSA,2024-05-01,323.727,2026-04-28,2026-04-28
CSUSHPINSA,2024-06-01,325.285,2026-04-28,2026-04-28
CSUSHPINSA,2024-07-01,325.601,2026-04-28,2026-04-28
CSUSHPINSA,2024-08-01,325.046,2026-04-28,2026-04-28
CSUSHPINSA,2024-09-01,324.664,2026-04-28,2026-04-28
CSUSHPINSA,2024-10-01,323.982,2026-04-28,2026-04-28
CSUSHPINSA,2024-11-01,323.7,2026-04-28,2026-04-28
CSUSHPINSA,2024-12-01,323.318,2026-04-28,2026-04-28
CSUSHPINSA,2025-01-01,323.672,2026-04-28,2026-04-28
CSUSHPINSA,2025-02-01,325.142,2026-04-28,2026-04-28
CSUSHPINSA,2025-03-01,327.753,2026-04-28,2026-04-28
CSUSHPINSA,2025-04-01,329.911,2026-04-28,2026-04-28
CSUSHPINSA,2025-05-01,331.426,2026-04-28,2026-04-28
CSUSHPINSA,2025-06-01,331.611,2026-04-28,2026-04-28
CSUSHPINSA,2025-07-01,330.949,2026-04-28,2026-04-28
CSUSHPINSA,2025-08-01,329.857,2026-04-28,2026-04-28
CSUSHPINSA,2025-09-01,328.88,2026-04-28,2026-04-28
CSUSHPINSA,2025-10-01,328.235,2026-04-28,2026-04-28
CSUSHPINSA,2025-11-01,327.8,2026-04-28,2026-04-28
CSUSHPINSA,2025-12-01,326.957,2026-04-28,2026-04-28
CSUSHPINSA,2026-01-01,326.359,2026-04-28,2026-04-28
CSUSHPINSA,2026-02-01,327.311,2026-04-28,2026-04-28
